{"accessibilityPrompt":true,"alwaysOnTop":false,"arch":"x64","asar":false,"blockExternalUrls":false,"bounce":false,"buildDate":1680695212379,"clearCache":false,"counter":false,"darwinDarkModeSupport":false,"disableContextMenu":false,"disableDevTools":false,"disableGpu":false,"disableOldBuildWarning":false,"electronVersionUsed":"24.0.0","enableEs3Apis":false,"fastQuit":false,"fullScreen":false,"height":800,"hideWindowFrame":false,"ignoreCertificate":false,"ignoreGpuBlacklist":false,"insecure":false,"isUpgrade":false,"maximize":false,"name":"YouTubeonTV","nativefierVersion":"50.1.1","portable":false,"quiet":false,"showMenuBar":false,"singleInstance":false,"strictInternalUrls":false,"targetUrl":"https://youtube.com/tv","tray":"false","userAgent":"Roku/DVP-9.10 (519.10E04111A)","userAgentHonest":false,"width":1280,"widevine":false,"win32metadata":{"ProductName":"YouTube on TV","InternalName":"YouTube on TV","FileDescription":"YouTube on TV"},"zoom":1,"oldBuildWarningText":""}